failinimi,test_norm,p_norm,sum_m,sum_n,r_rb,p_norm_holm,signif_norm_holm,chi2_stat,p_chi2,cramer_v,signif_chi2
no_sections.csv,Mann–Whitney U,0.002149289274064739,474,195,-0.26027397260273977,0.002149289274064739,True,116.3542600896861,3.9754549613379866e-27,0.4170403587443946,True
oh_sections.csv,Mann–Whitney U,3.711260669978999e-05,39,19,-0.7270471464019851,0.00018556303349894995,True,6.896551724137931,0.00863621676031958,0.3448275862068965,True
vot_sections.csv,Mann–Whitney U,0.0002598827637507668,74,59,-0.4958949096880131,0.0007796482912523005,True,1.6917293233082706,0.19337316310499983,0.11278195488721804,False
nagu_sections.csv,Mann–Whitney U,0.00035597771974855096,7225,3732,-0.20737094534898393,0.0007796482912523005,True,1113.5391986857717,3.76906371884971e-244,0.31879164004745825,True
okei_sections.csv,Mann–Whitney U,6.80429141392077e-05,225,124,-0.40463458110516937,0.0002721716565568308,True,29.229226361031518,6.430193185611621e-08,0.28939828080229224,True
jah_sections.csv,Mann–Whitney U,1.2510696615912631e-05,67,44,-0.5358024691358025,7.506417969547578e-05,True,4.7657657657657655,0.02903114213542538,0.2072072072072072,True
aitäh_sections.csv,Mann–Whitney U,1.2831800108441867e-07,47,74,-0.6816326530612244,1.0265440086753493e-06,True,6.024793388429752,0.01410628294737956,0.2231404958677686,True
noh_sections.csv,Mann–Whitney U,2.5055400530443153e-07,345,230,-0.4454454454454454,1.7538780371310206e-06,True,23.0,1.6200139824664679e-06,0.2,True
