failinimi,test_norm,p_norm,sum_m,sum_n,r_rb,p_norm_holm,signif_norm_holm,chi2_stat,p_chi2,cramer_v,signif_chi2
kaassõnad_by_section.csv,Mann–Whitney U,1.9084135851263925e-13,5319,4364,-0.4102062745512516,1.9084135851263925e-13,True,94.18826809872974,2.868960763316663e-22,0.09862645874212538,True
omadussõnad_by_section.csv,Mann–Whitney U,4.409209534793446e-16,13729,12520,-0.4352593358018313,9.311691229006576e-16,True,55.68520705550688,8.505591547360983e-14,0.04605889748180883,True
verbid_by_section.csv,Mann–Whitney U,1.3690795598560059e-17,69310,58287,-0.44891529390584206,6.845397799280029e-17,True,952.2679138224253,4.263394105123091e-209,0.08638917842895993,True
adverbid_by_section.csv,Mann–Whitney U,8.050418840742566e-18,63572,54396,-0.4567015770813807,4.83025130444554e-17,True,713.744201817442,3.0688682078522366e-157,0.07778380577783806,True
nimisõnad_by_section.csv,Mann–Whitney U,5.818230458593256e-17,61116,50246,-0.43946644944506674,2.3272921834373025e-16,True,1061.0163251378387,9.815288307104528e-233,0.09760959752878001,True
asesõnad_by_section.csv,Mann–Whitney U,3.1038970763355253e-16,65097,54149,-0.4315037453682723,9.311691229006576e-16,True,1005.1381513845328,1.3722076284671821e-220,0.09181020747027153,True
